id_pedido,cliente,produto,valor,data_pedido
10971,Cliente 145,Jaqueta,387.55,2024-06-22
10783,Cliente 328,Boné,487.92,2024-01-09
10374,Cliente 70,Boné,407.17,2024-01-28
10715,Cliente 327,Jaqueta,411.78,2024-02-22
10921,Cliente 442,Tênis,493.02,2024-02-16
10355,Cliente 181,Tênis,307.84,2024-02-11
10808,Cliente 233,Jaqueta,33.42,2024-06-08
10941,Cliente 261,Jaqueta,318.76,2024-06-18
10243,Cliente 130,Boné,259.68,2024-03-30
10986,Cliente 415,Tênis,109.77,2024-01-04
10796,Cliente 340,Boné,296.77,2024-02-02
10514,Cliente 252,Camiseta,190.92,2024-07-23
10357,Cliente 143,Meia,239.64,2024-02-15
10788,Cliente 462,Mochila,467.58,2024-02-21
10201,Cliente 292,Tênis,195.4,2024-07-02
11055,Cliente 75,Mochila,65.92,2024-01-17
10339,Cliente 117,Camiseta,331.43,2024-03-31
10370,Cliente 398,Meia,188.9,2024-06-28
10854,Cliente 491,Camiseta,163.13,2024-02-05
10644,Cliente 68,Mochila,358.16,2024-02-09
10667,Cliente 376,Boné,84.87,2024-05-29
10173,Cliente 394,Camiseta,447.27,2024-02-21
10107,Cliente 437,Boné,196.83,2024-02-07
10180,Cliente 160,Jaqueta,174.49,2024-01-24
10065,Cliente 267,Meia,150.56,2024-02-09
10119,Cliente 485,Camiseta,74.09,2024-03-10
10668,Cliente 54,Tênis,78.46,2024-01-07
10407,Cliente 226,Mochila,106.61,2024-05-06
10324,Cliente 167,Jaqueta,342.14,2024-07-22
10687,Cliente 105,Tênis,499.07,2024-07-16
10019,Cliente 54,Meia,495.58,2024-07-01
10723,Cliente 16,Tênis,335.32,2024-01-23
10447,Cliente 162,Mochila,320.2,2024-07-24
10637,Cliente 207,Tênis,135.79,2024-06-11
11179,Cliente 245,Mochila,302.04,2024-01-09
10385,Cliente 473,Boné,415.04,2024-07-08
11056,Cliente 284,Tênis,313.84,2024-04-02
10682,Cliente 263,Meia,302.34,2024-02-21
10947,Cliente 381,Jaqueta,310.86,2024-04-13
10825,Cliente 217,Meia,144.87,2024-02-04
11185,Cliente 175,Jaqueta,255.13,2024-03-31
10057,Cliente 439,Tênis,226.24,2024-03-11
10581,Cliente 309,Meia,441.08,2024-03-06
10548,Cliente 197,Jaqueta,216.28,2024-06-15
10861,Cliente 64,Jaqueta,267.59,2024-07-20
11163,Cliente 218,Camiseta,257.13,2024-03-29
10677,Cliente 481,Meia,422.76,2024-02-28
10288,Cliente 305,Tênis,402.27,2024-04-27
10930,Cliente 267,Jaqueta,240.17,2024-05-22
10391,Cliente 438,Meia,160.18,2024-05-08
10238,Cliente 171,Camiseta,431.11,2024-01-19
11194,Cliente 447,Meia,41.89,2024-03-19
10537,Cliente 31,Camiseta,496.66,2024-01-30
11109,Cliente 411,Mochila,387.07,2024-07-05
11094,Cliente 326,Meia,59.31,2024-05-06
10317,Cliente 428,Camiseta,419.15,2024-01-15
10730,Cliente 216,Tênis,145.22,2024-03-03
11160,Cliente 315,Boné,363.57,2024-06-27
10923,Cliente 180,Boné,320.26,2024-03-02
10755,Cliente 36,Mochila,467.33,2024-06-08
10001,Cliente 470,Tênis,36.54,2024-04-08
10542,Cliente 69,Meia,465.57,2024-06-05
10031,Cliente 56,Tênis,174.88,2024-01-30
10239,Cliente 348,Jaqueta,140.21,2024-07-02
10321,Cliente 221,Jaqueta,357.62,2024-04-11
10061,Cliente 287,Boné,195.31,2024-06-18
10916,Cliente 41,Camiseta,207.55,2024-06-14
11000,Cliente 272,Mochila,338.43,2024-05-12
10144,Cliente 397,Jaqueta,402.93,2024-07-19
10587,Cliente 52,Boné,353.61,2024-02-25
10669,Cliente 26,Meia,329.66,2024-01-24
10597,Cliente 82,Tênis,486.74,2024-04-15
11103,Cliente 451,Mochila,196.66,2024-04-01
10352,Cliente 129,Jaqueta,374.89,2024-04-28
10069,Cliente 167,Tênis,423.82,2024-03-19
10216,Cliente 151,Meia,263.96,2024-02-18
10824,Cliente 81,Boné,70.27,2024-04-09
10528,Cliente 60,Tênis,387.09,2024-01-30
10123,Cliente 330,Meia,94.04,2024-03-19
10303,Cliente 270,Jaqueta,141.15,2024-01-17
11100,Cliente 115,Camiseta,307.3,2024-04-01
10587,Cliente 52,Boné,353.61,2024-02-25
10080,Cliente 259,Mochila,57.56,2024-05-03
11129,Cliente 367,Camiseta,461.91,2024-02-04
10343,Cliente 313,Mochila,314.81,2024-03-02
10150,Cliente 397,Tênis,73.51,2024-07-12
10995,Cliente 461,Camiseta,117.65,2024-01-11
10175,Cliente 248,Meia,123.8,2024-06-30
10992,Cliente 471,Mochila,347.63,2024-02-07
11039,Cliente 192,Camiseta,196.21,2024-01-28
10157,Cliente 144,Boné,325.51,2024-07-21
10456,Cliente 161,Boné,497.81,2024-06-16
10386,Cliente 77,Mochila,264.24,2024-03-27
10228,Cliente 360,Mochila,62.39,2024-03-12
10362,Cliente 430,Meia,53.58,2024-02-13
10416,Cliente 276,Tênis,326.6,2024-06-07
10866,Cliente 397,Mochila,441.2,2024-02-14
10081,Cliente 141,Meia,310.89,2024-07-04
10121,Cliente 264,Tênis,381.7,2024-03-24
10143,Cliente 29,Boné,457.5,2024-03-03
10588,Cliente 413,Boné,280.29,2024-01-28
10304,Cliente 200,Camiseta,277.89,2024-06-15
10232,Cliente 453,Meia,61.11,2024-03-25
10648,Cliente 160,Mochila,461.88,2024-07-21
11032,Cliente 79,Mochila,330.46,2024-01-07
10449,Cliente 340,Meia,380.86,2024-01-06
10931,Cliente 185,Jaqueta,382.17,2024-05-18
10675,Cliente 100,Mochila,469.33,2024-05-21
10956,Cliente 78,Tênis,240.68,2024-07-13
10229,Cliente 295,Boné,372.0,2024-02-27
10263,Cliente 375,Tênis,439.79,2024-05-04
10709,Cliente 402,Meia,55.31,2024-04-10
11169,Cliente 352,Tênis,159.45,2024-04-11
10708,Cliente 190,Meia,349.1,2024-07-09
10186,Cliente 330,Camiseta,372.76,2024-01-15
10752,Cliente 161,Camiseta,88.11,2024-04-12
10750,Cliente 277,Camiseta,78.9,2024-03-30
11116,Cliente 254,Boné,257.15,2024-03-09
10350,Cliente 145,Meia,308.27,2024-06-25
10247,Cliente 163,Tênis,420.33,2024-02-07
11089,Cliente 212,Camiseta,460.74,2024-07-15
10962,Cliente 284,Camiseta,456.1,2024-03-14
11004,Cliente 485,Boné,346.36,2024-06-16
11120,Cliente 497,Tênis,76.87,2024-02-24
10290,Cliente 128,Camiseta,449.39,2024-01-01
10617,Cliente 48,Mochila,31.17,2024-04-02
10602,Cliente 338,Camiseta,136.31,2024-02-11
10458,Cliente 374,Boné,291.96,2024-02-17
10097,Cliente 417,Jaqueta,499.79,2024-04-28
10072,Cliente 81,Camiseta,109.79,2024-01-22
10570,Cliente 414,Boné,303.76,2024-06-18
11123,Cliente 256,Jaqueta,478.33,2024-05-20
10264,Cliente 124,Tênis,312.9,2024-05-05
10266,Cliente 334,Tênis,356.01,2024-02-25
10671,Cliente 230,Tênis,131.72,2024-05-18
10778,Cliente 299,Mochila,491.1,2024-03-03
10058,Cliente 355,Tênis,150.86,2024-04-20
10160,Cliente 2,Camiseta,425.85,2024-07-17
10670,Cliente 58,Camiseta,195.06,2024-06-20
10472,Cliente 77,Tênis,239.17,2024-02-17
10152,Cliente 106,Meia,89.38,2024-04-26
10895,Cliente 480,Mochila,67.27,2024-03-19
11049,Cliente 178,Meia,96.91,2024-06-13
10323,Cliente 406,Meia,306.04,2024-06-15
10475,Cliente 141,Jaqueta,241.91,2024-05-17
10316,Cliente 161,Mochila,385.85,2024-06-15
10679,Cliente 52,Jaqueta,377.62,2024-02-19
10085,Cliente 197,Boné,151.42,2024-07-05
11101,Cliente 384,Jaqueta,98.73,2024-05-21
10807,Cliente 102,Mochila,499.61,2024-02-08
10440,Cliente 212,Tênis,476.4,2024-02-02
10103,Cliente 479,Camiseta,83.49,2024-02-06
11112,Cliente 249,Camiseta,409.58,2024-03-13
11149,Cliente 360,Boné,63.64,2024-04-08
10550,Cliente 437,Jaqueta,145.51,2024-03-25
10469,Cliente 457,Boné,65.97,2024-04-23
10190,Cliente 236,Meia,258.34,2024-04-19
10146,Cliente 311,Mochila,231.58,2024-03-01
10925,Cliente 67,Jaqueta,116.53,2024-05-17
10249,Cliente 66,Meia,254.39,2024-07-08
10439,Cliente 89,Jaqueta,332.46,2024-07-14
10046,Cliente 133,Camiseta,49.86,2024-07-17
10527,Cliente 480,Boné,366.71,2024-07-28
10991,Cliente 181,Camiseta,331.14,2024-04-16
11066,Cliente 400,Mochila,268.3,2024-05-23
11034,Cliente 103,Meia,364.41,2024-05-31
10193,Cliente 263,Meia,275.11,2024-01-11
11181,Cliente 266,Meia,258.78,2024-07-02
10164,Cliente 141,Meia,131.55,2024-02-26
10471,Cliente 163,Mochila,31.73,2024-04-03
10565,Cliente 4,Tênis,380.35,2024-04-03
10003,Cliente 111,Camiseta,154.25,2024-03-08
10741,Cliente 136,Tênis,386.18,2024-03-03
11027,Cliente 417,Mochila,172.47,2024-03-28
10095,Cliente 45,Jaqueta,103.36,2024-03-03
10880,Cliente 232,Tênis,287.91,2024-07-03
10464,Cliente 446,Jaqueta,433.61,2024-03-04
10981,Cliente 337,Jaqueta,248.68,2024-05-15
10710,Cliente 199,Tênis,479.15,2024-07-05
10526,Cliente 375,Meia,123.14,2024-06-09
11144,Cliente 238,Boné,175.01,2024-03-28
10227,Cliente 75,Tênis,109.95,2024-04-14
10873,Cliente 365,Camiseta,58.43,2024-01-04
10168,Cliente 229,Jaqueta,118.31,2024-05-26
10210,Cliente 495,Tênis,67.63,2024-04-17
10681,Cliente 346,Jaqueta,427.8,2024-02-27
10539,Cliente 349,Tênis,412.44,2024-03-29
10147,Cliente 27,Tênis,358.11,2024-01-30
10856,Cliente 303,Camiseta,116.06,2024-07-23
10318,Cliente 272,Camiseta,367.52,2024-05-10
10638,Cliente 104,Boné,370.19,2024-07-04
10198,Cliente 339,Meia,66.91,2024-04-18
10753,Cliente 485,Meia,222.81,2024-01-20
11018,Cliente 45,Boné,453.42,2024-03-30
10073,Cliente 19,Boné,414.47,2024-05-26
10600,Cliente 282,Boné,95.46,2024-02-21
11189,Cliente 187,Camiseta,150.19,2024-06-08
10523,Cliente 313,Meia,248.17,2024-02-17
11012,Cliente 193,Meia,120.61,2024-01-13
10137,Cliente 341,Tênis,280.84,2024-05-08
10624,Cliente 30,Meia,278.82,2024-07-21
11175,Cliente 185,Meia,72.28,2024-07-18
10387,Cliente 14,Jaqueta,45.82,2024-07-22
10944,Cliente 23,Camiseta,101.18,2024-07-20
10091,Cliente 180,Jaqueta,181.83,2024-01-05
11111,Cliente 294,Jaqueta,95.23,2024-01-02
10450,Cliente 416,Meia,272.69,2024-04-09
11122,Cliente 243,Jaqueta,92.2,2024-05-10
10328,Cliente 456,Tênis,105.28,2024-04-03
10831,Cliente 121,Mochila,163.19,2024-02-01
10609,Cliente 299,Mochila,196.88,2024-04-18
10560,Cliente 328,Camiseta,251.68,2024-04-11
10626,Cliente 108,Mochila,300.29,2024-05-10
10376,Cliente 387,Boné,315.97,2024-06-20
10540,Cliente 495,Meia,379.85,2024-02-23
11087,Cliente 62,Camiseta,387.81,2024-04-16
10115,Cliente 457,Mochila,48.11,2024-05-24
10812,Cliente 393,Mochila,307.1,2024-06-07
10407,Cliente 226,Mochila,106.61,2024-05-06
10639,Cliente 53,Tênis,423.47,2024-02-13
10891,Cliente 69,Mochila,69.61,2024-02-03
10987,Cliente 64,Camiseta,477.91,2024-02-27
10919,Cliente 495,Tênis,149.23,2024-02-16
10717,Cliente 109,Jaqueta,134.22,2024-03-12
10078,Cliente 388,Jaqueta,294.92,2024-06-16
10886,Cliente 334,Camiseta,76.0,2024-01-18
10027,Cliente 424,Camiseta,450.79,2024-07-23
10566,Cliente 283,Boné,190.35,2024-06-17
10583,Cliente 144,Camiseta,415.14,2024-02-20
10592,Cliente 193,Tênis,250.05,2024-02-16
10885,Cliente 313,Camiseta,490.14,2024-06-29
10932,Cliente 496,Mochila,488.34,2024-06-20
10856,Cliente 303,Camiseta,116.06,2024-07-23
11154,Cliente 214,Camiseta,388.7,2024-07-23
10965,Cliente 396,Boné,316.04,2024-01-03
10843,Cliente 290,Boné,103.7,2024-01-22
10488,Cliente 326,Meia,343.58,2024-04-26
10909,Cliente 100,Mochila,252.79,2024-03-25
10131,Cliente 186,Jaqueta,211.28,2024-01-03
10235,Cliente 95,Mochila,71.7,2024-03-15
10478,Cliente 27,Camiseta,449.67,2024-04-10
10042,Cliente 448,Tênis,432.62,2024-04-16
10463,Cliente 111,Meia,357.36,2024-02-18
10904,Cliente 172,Tênis,72.93,2024-02-04
10558,Cliente 111,Mochila,240.12,2024-03-22
10109,Cliente 190,Boné,225.5,2024-02-27
11047,Cliente 281,Mochila,491.55,2024-03-29
10381,Cliente 225,Jaqueta,445.22,2024-03-12
10603,Cliente 422,Meia,266.39,2024-02-22
10692,Cliente 474,Meia,144.94,2024-02-12
11132,Cliente 114,Mochila,291.32,2024-01-26
10794,Cliente 20,Mochila,56.97,2024-01-13
10006,Cliente 49,Meia,142.82,2024-07-15
10197,Cliente 46,Boné,497.55,2024-03-27
10718,Cliente 97,Jaqueta,241.97,2024-02-14
11104,Cliente 85,Jaqueta,36.01,2024-01-18
10631,Cliente 151,Boné,199.37,2024-02-01
10933,Cliente 239,Boné,246.56,2024-04-08
10606,Cliente 1,Mochila,291.45,2024-05-17
10946,Cliente 468,Mochila,156.75,2024-01-18
10934,Cliente 479,Tênis,331.89,2024-06-15
10293,Cliente 33,Mochila,291.16,2024-02-03
10706,Cliente 485,Boné,463.86,2024-02-14
10950,Cliente 59,Boné,444.82,2024-07-14
10330,Cliente 462,Jaqueta,283.44,2024-04-25
10829,Cliente 108,Boné,412.89,2024-05-22
10674,Cliente 61,Jaqueta,283.31,2024-01-11
10720,Cliente 52,Mochila,418.31,2024-01-28
10312,Cliente 468,Camiseta,370.98,2024-03-01
10782,Cliente 27,Meia,71.47,2024-01-06
11038,Cliente 110,Meia,311.21,2024-02-26
10963,Cliente 354,Tênis,188.52,2024-05-10
10301,Cliente 272,Jaqueta,258.84,2024-01-07
10083,Cliente 226,Jaqueta,61.64,2024-03-10
11098,Cliente 217,Mochila,359.5,2024-06-17
10411,Cliente 288,Camiseta,458.64,2024-02-21
10554,Cliente 436,Meia,62.85,2024-07-11
10004,Cliente 276,Camiseta,48.49,2024-01-16
10051,Cliente 325,Meia,443.22,2024-01-17
10577,Cliente 465,Meia,475.76,2024-04-29
10998,Cliente 273,Meia,149.84,2024-05-19
10742,Cliente 226,Mochila,471.49,2024-02-28
10654,Cliente 179,Jaqueta,347.31,2024-05-03
10126,Cliente 494,Meia,282.37,2024-07-06
10509,Cliente 294,Meia,137.22,2024-01-16
10139,Cliente 280,Mochila,207.97,2024-05-18
10678,Cliente 377,Boné,65.22,2024-03-14
10505,Cliente 212,Camiseta,416.74,2024-04-19
11192,Cliente 373,Meia,52.16,2024-04-21
10849,Cliente 253,Camiseta,77.26,2024-04-04
10269,Cliente 435,Meia,100.68,2024-01-10
10314,Cliente 427,Mochila,355.07,2024-06-06
10162,Cliente 496,Meia,47.02,2024-04-02
10287,Cliente 291,Boné,310.23,2024-06-19
10815,Cliente 440,Boné,201.54,2024-07-07
10255,Cliente 443,Boné,202.19,2024-02-01
10169,Cliente 399,Tênis,189.24,2024-02-20
10573,Cliente 232,Mochila,142.13,2024-02-24
11140,Cliente 235,Boné,259.72,2024-07-19
10521,Cliente 206,Mochila,274.76,2024-04-28
10421,Cliente 398,Camiseta,480.2,2024-01-15
10378,Cliente 58,Mochila,218.9,2024-05-30
10623,Cliente 237,Mochila,115.22,2024-02-29
10170,Cliente 65,Jaqueta,360.68,2024-07-23
10221,Cliente 367,Meia,231.24,2024-05-30
10099,Cliente 74,Meia,439.99,2024-07-15
10898,Cliente 107,Mochila,447.87,2024-02-24
10713,Cliente 235,Boné,248.55,2024-03-23
10499,Cliente 277,Camiseta,261.53,2024-04-22
10827,Cliente 75,Camiseta,493.61,2024-04-28
10552,Cliente 487,Tênis,408.63,2024-05-31
10743,Cliente 484,Camiseta,340.51,2024-07-03
10311,Cliente 89,Tênis,453.03,2024-03-22
10132,Cliente 234,Camiseta,122.47,2024-02-04
11022,Cliente 390,Meia,387.58,2024-05-24
10349,Cliente 317,Boné,72.39,2024-01-18
10007,Cliente 408,Camiseta,158.64,2024-06-18
10206,Cliente 446,Boné,461.95,2024-05-18
11188,Cliente 100,Mochila,179.91,2024-06-19
10502,Cliente 409,Camiseta,262.2,2024-05-10
10204,Cliente 225,Mochila,389.02,2024-01-22
10851,Cliente 122,Tênis,150.76,2024-05-18
10942,Cliente 451,Camiseta,262.8,2024-06-08
11184,Cliente 372,Meia,263.48,2024-02-10
10892,Cliente 21,Boné,393.88,2024-06-06
10806,Cliente 248,Tênis,363.07,2024-07-01
10958,Cliente 267,Boné,482.99,2024-07-20
10028,Cliente 186,Boné,234.04,2024-04-01
10881,Cliente 217,Jaqueta,294.52,2024-06-09
10448,Cliente 393,Boné,348.71,2024-01-04
10487,Cliente 169,Jaqueta,223.17,2024-05-15
10901,Cliente 287,Camiseta,160.84,2024-01-03
10189,Cliente 37,Boné,251.57,2024-04-02
10108,Cliente 15,Boné,242.55,2024-03-13
11090,Cliente 92,Meia,335.11,2024-03-18
10380,Cliente 195,Camiseta,463.85,2024-06-08
10890,Cliente 309,Jaqueta,380.37,2024-04-04
10377,Cliente 302,Mochila,480.68,2024-02-18
10522,Cliente 110,Jaqueta,231.34,2024-06-24
10022,Cliente 292,Meia,279.86,2024-01-18
10816,Cliente 439,Meia,357.62,2024-06-23
10574,Cliente 14,Jaqueta,345.46,2024-01-10
11135,Cliente 305,Meia,443.23,2024-05-14
11080,Cliente 219,Camiseta,358.86,2024-05-28
10205,Cliente 145,Mochila,263.16,2024-06-14
10093,Cliente 92,Mochila,367.39,2024-02-12
10747,Cliente 146,Jaqueta,224.68,2024-01-01
10224,Cliente 202,Tênis,203.6,2024-06-27
10936,Cliente 21,Meia,146.78,2024-04-13
10586,Cliente 379,Camiseta,439.14,2024-03-01
10719,Cliente 490,Jaqueta,247.42,2024-03-11
10423,Cliente 1,Boné,397.19,2024-06-19
10549,Cliente 92,Camiseta,215.12,2024-05-11
10253,Cliente 153,Camiseta,153.66,2024-06-05
10594,Cliente 136,Meia,137.98,2024-07-15
11187,Cliente 194,Boné,472.88,2024-06-03
11107,Cliente 381,Tênis,158.8,2024-06-19
10596,Cliente 261,Meia,332.02,2024-01-01
10853,Cliente 319,Boné,180.51,2024-07-08
10178,Cliente 461,Boné,362.75,2024-01-16
11130,Cliente 296,Boné,170.86,2024-01-24
10070,Cliente 123,Boné,96.69,2024-02-03
11002,Cliente 449,Tênis,327.15,2024-07-15
10999,Cliente 194,Boné,364.15,2024-06-14
10857,Cliente 455,Tênis,250.39,2024-02-16
10685,Cliente 221,Tênis,349.26,2024-06-09
10859,Cliente 467,Meia,90.15,2024-04-09
10128,Cliente 409,Meia,58.4,2024-01-08
10437,Cliente 149,Tênis,285.26,2024-05-22
10915,Cliente 123,Meia,313.04,2024-03-30
10048,Cliente 423,Tênis,154.55,2024-02-27
10211,Cliente 226,Tênis,153.38,2024-04-23
10529,Cliente 380,Boné,300.09,2024-02-18
10087,Cliente 412,Mochila,85.68,2024-04-20
10563,Cliente 126,Mochila,251.81,2024-03-22
10246,Cliente 46,Camiseta,100.46,2024-04-28
10585,Cliente 130,Boné,214.75,2024-05-23
10389,Cliente 201,Tênis,476.63,2024-03-21
10128,Cliente 409,Meia,58.4,2024-01-08
11138,Cliente 490,Mochila,289.82,2024-01-01
10516,Cliente 375,Boné,143.32,2024-06-19
10745,Cliente 192,Tênis,381.36,2024-01-13
10130,Cliente 371,Camiseta,149.54,2024-06-28
10455,Cliente 197,Camiseta,337.75,2024-03-03
11036,Cliente 487,Jaqueta,116.28,2024-04-24
10270,Cliente 138,Mochila,33.95,2024-01-09
10327,Cliente 202,Jaqueta,498.8,2024-04-15
10813,Cliente 468,Tênis,351.38,2024-07-05
10842,Cliente 439,Jaqueta,188.0,2024-05-29
10477,Cliente 255,Meia,390.7,2024-03-29
10428,Cliente 258,Jaqueta,235.28,2024-07-01
10562,Cliente 145,Jaqueta,265.36,2024-06-12
10927,Cliente 182,Meia,208.37,2024-03-18
10938,Cliente 353,Mochila,75.75,2024-05-27
10781,Cliente 496,Boné,493.65,2024-04-11
10155,Cliente 265,Jaqueta,369.91,2024-04-28
11183,Cliente 299,Meia,385.36,2024-04-24
10703,Cliente 265,Jaqueta,162.69,2024-04-22
11117,Cliente 468,Jaqueta,236.39,2024-02-28
10445,Cliente 381,Tênis,247.85,2024-04-11
11052,Cliente 32,Meia,354.5,2024-04-08
10030,Cliente 203,Tênis,408.91,2024-05-28
10618,Cliente 235,Jaqueta,170.32,2024-03-17
10509,Cliente 294,Meia,137.22,2024-01-16
10425,Cliente 12,Jaqueta,35.73,2024-04-20
10820,Cliente 282,Meia,444.4,2024-06-17
10194,Cliente 172,Mochila,232.54,2024-07-03
11115,Cliente 16,Tênis,334.5,2024-04-26
11114,Cliente 260,Camiseta,121.47,2024-07-18
11167,Cliente 465,Camiseta,342.28,2024-06-25
11075,Cliente 56,Boné,97.25,2024-07-05
11099,Cliente 404,Boné,401.5,2024-01-31
11069,Cliente 326,Boné,260.91,2024-04-17
10179,Cliente 324,Tênis,316.85,2024-06-02
11102,Cliente 361,Meia,381.41,2024-05-28
11139,Cliente 9,Meia,157.23,2024-02-02
11100,Cliente 115,Camiseta,307.3,2024-04-01
11102,Cliente 361,Meia,381.41,2024-05-28
10010,Cliente 308,Boné,120.58,2024-04-24
10354,Cliente 293,Meia,308.82,2024-05-26
10067,Cliente 360,Tênis,398.72,2024-06-04
10711,Cliente 397,Tênis,490.86,2024-02-21
10209,Cliente 139,Camiseta,219.44,2024-04-23
10145,Cliente 329,Mochila,57.5,2024-01-07
10498,Cliente 411,Tênis,414.95,2024-04-14
10415,Cliente 253,Meia,419.57,2024-07-06
10612,Cliente 323,Jaqueta,378.08,2024-07-05
10913,Cliente 208,Jaqueta,155.36,2024-06-17
11013,Cliente 140,Camiseta,284.52,2024-05-31
10922,Cliente 317,Meia,361.77,2024-05-19
10867,Cliente 111,Camiseta,318.29,2024-04-07
10092,Cliente 63,Boné,306.09,2024-03-10
10698,Cliente 86,Boné,440.32,2024-02-03
10214,Cliente 330,Meia,123.02,2024-03-03
10359,Cliente 329,Meia,369.86,2024-03-05
10769,Cliente 379,Camiseta,288.25,2024-05-10
10896,Cliente 261,Mochila,382.79,2024-03-13
10195,Cliente 278,Meia,311.04,2024-06-20
10296,Cliente 488,Camiseta,467.91,2024-06-13
11088,Cliente 270,Tênis,463.59,2024-02-28
10616,Cliente 445,Mochila,449.57,2024-05-25
10951,Cliente 142,Camiseta,205.64,2024-03-28
10749,Cliente 175,Boné,179.23,2024-07-27
10493,Cliente 14,Tênis,318.57,2024-02-28
10811,Cliente 284,Boné,58.1,2024-05-01
10360,Cliente 408,Tênis,274.18,2024-06-05
10784,Cliente 472,Boné,125.79,2024-03-31
11035,Cliente 142,Boné,433.36,2024-03-18
10819,Cliente 425,Tênis,294.57,2024-03-27
11134,Cliente 319,Meia,406.8,2024-07-28
10429,Cliente 53,Boné,189.57,2024-06-25
10385,Cliente 473,Boné,415.04,2024-07-08
10188,Cliente 300,Jaqueta,385.46,2024-06-24
10591,Cliente 79,Tênis,363.39,2024-07-26
11082,Cliente 472,Camiseta,212.29,2024-02-19
11142,Cliente 448,Mochila,407.78,2024-01-05
10086,Cliente 268,Mochila,341.47,2024-01-07
10034,Cliente 386,Meia,497.21,2024-05-06
10199,Cliente 493,Jaqueta,210.7,2024-03-18
10557,Cliente 308,Meia,318.61,2024-07-27
10948,Cliente 418,Mochila,237.59,2024-06-24
11121,Cliente 50,Mochila,107.1,2024-02-04
10347,Cliente 303,Mochila,440.2,2024-03-12
10468,Cliente 439,Camiseta,422.91,2024-04-24
10400,Cliente 395,Tênis,75.37,2024-06-19
10045,Cliente 193,Meia,224.56,2024-01-15
10940,Cliente 151,Boné,397.83,2024-01-17
11124,Cliente 239,Tênis,163.79,2024-04-08
10850,Cliente 241,Jaqueta,308.22,2024-04-30
10116,Cliente 304,Mochila,337.15,2024-03-10
10871,Cliente 353,Jaqueta,61.09,2024-06-17
10777,Cliente 91,Camiseta,98.78,2024-02-29
10000,Cliente 69,Meia,318.06,2024-02-07
10726,Cliente 179,Mochila,51.36,2024-03-16
10578,Cliente 301,Mochila,209.11,2024-07-01
10650,Cliente 181,Meia,178.31,2024-05-05
10005,Cliente 213,Jaqueta,80.78,2024-01-25
10763,Cliente 484,Mochila,158.95,2024-03-14
10663,Cliente 17,Tênis,334.74,2024-04-15
11082,Cliente 472,Camiseta,212.29,2024-02-19
10101,Cliente 186,Boné,463.41,2024-04-28
10506,Cliente 197,Camiseta,453.91,2024-05-29
10039,Cliente 204,Camiseta,391.89,2024-01-20
10869,Cliente 35,Jaqueta,76.67,2024-01-06
10431,Cliente 342,Jaqueta,277.85,2024-05-05
10016,Cliente 127,Meia,41.75,2024-01-14
10787,Cliente 52,Meia,210.36,2024-01-19
10427,Cliente 16,Camiseta,268.28,2024-05-08
10452,Cliente 410,Meia,216.05,2024-02-04
10868,Cliente 419,Tênis,160.66,2024-02-09
10148,Cliente 375,Tênis,493.65,2024-06-30
10124,Cliente 94,Camiseta,180.38,2024-04-02
10177,Cliente 77,Meia,486.77,2024-06-27
10136,Cliente 460,Meia,192.23,2024-03-30
10336,Cliente 372,Mochila,304.94,2024-03-31
10780,Cliente 334,Tênis,316.74,2024-01-10
10118,Cliente 233,Jaqueta,337.97,2024-05-25
10633,Cliente 14,Jaqueta,126.85,2024-03-25
10768,Cliente 281,Camiseta,73.88,2024-05-06
11158,Cliente 428,Camiseta,309.44,2024-07-26
10712,Cliente 292,Jaqueta,377.27,2024-05-22
10064,Cliente 170,Jaqueta,417.14,2024-04-19
10786,Cliente 196,Boné,227.34,2024-07-04
10774,Cliente 413,Camiseta,472.34,2024-06-06
10112,Cliente 458,Boné,148.95,2024-05-05
10192,Cliente 475,Meia,182.48,2024-07-09
10805,Cliente 120,Meia,46.1,2024-05-30
10393,Cliente 145,Boné,471.87,2024-07-22
10686,Cliente 23,Boné,391.99,2024-03-03
10590,Cliente 281,Jaqueta,411.68,2024-04-15
10762,Cliente 361,Tênis,131.79,2024-05-09
11029,Cliente 44,Mochila,498.03,2024-01-23
10792,Cliente 3,Mochila,334.82,2024-05-23
11151,Cliente 374,Boné,189.09,2024-07-03
10041,Cliente 117,Boné,313.03,2024-07-05
10358,Cliente 110,Tênis,436.03,2024-05-22
10297,Cliente 260,Tênis,350.39,2024-03-03
10832,Cliente 482,Tênis,226.49,2024-03-31
10465,Cliente 134,Mochila,87.38,2024-03-12
10410,Cliente 416,Jaqueta,324.19,2024-07-26
11031,Cliente 158,Camiseta,418.59,2024-04-27
10727,Cliente 333,Mochila,399.76,2024-06-26
11165,Cliente 389,Boné,182.1,2024-04-17
10761,Cliente 250,Tênis,85.59,2024-05-07
10760,Cliente 83,Camiseta,147.19,2024-07-18
11059,Cliente 131,Jaqueta,363.96,2024-07-25
10698,Cliente 86,Boné,440.32,2024-02-03
10420,Cliente 343,Boné,37.65,2024-02-06
10804,Cliente 426,Camiseta,431.46,2024-06-03
10847,Cliente 195,Tênis,404.61,2024-02-14
10990,Cliente 421,Camiseta,387.49,2024-03-06
10457,Cliente 118,Jaqueta,37.33,2024-05-07
10111,Cliente 79,Boné,452.14,2024-06-30
10649,Cliente 172,Meia,77.15,2024-04-18
10615,Cliente 420,Mochila,214.82,2024-04-30
10593,Cliente 377,Boné,449.37,2024-04-02
10635,Cliente 446,Boné,263.5,2024-03-12
10102,Cliente 277,Meia,71.15,2024-05-22
10454,Cliente 208,Boné,76.88,2024-05-28
11006,Cliente 352,Meia,158.13,2024-04-29
10884,Cliente 82,Meia,128.64,2024-02-12
10855,Cliente 364,Boné,299.61,2024-06-02
10740,Cliente 165,Boné,180.69,2024-04-30
10665,Cliente 350,Mochila,151.98,2024-05-15
10619,Cliente 415,Meia,290.77,2024-03-15
10446,Cliente 177,Mochila,44.47,2024-01-11
10068,Cliente 124,Tênis,484.67,2024-06-21
10614,Cliente 86,Jaqueta,94.13,2024-05-06
10546,Cliente 224,Mochila,136.01,2024-06-09
11166,Cliente 336,Mochila,79.37,2024-01-30
10756,Cliente 189,Tênis,46.92,2024-01-20
10721,Cliente 399,Meia,351.31,2024-07-22
10982,Cliente 433,Meia,52.21,2024-03-28
10252,Cliente 331,Jaqueta,351.95,2024-02-22
10660,Cliente 103,Boné,52.87,2024-02-15
11068,Cliente 309,Meia,150.85,2024-05-14
10134,Cliente 77,Camiseta,324.57,2024-04-16
10620,Cliente 238,Camiseta,186.92,2024-02-03
10841,Cliente 481,Camiseta,273.3,2024-04-28
11011,Cliente 431,Mochila,119.4,2024-02-16
10127,Cliente 72,Jaqueta,169.43,2024-04-20
11005,Cliente 219,Camiseta,157.09,2024-07-15
11131,Cliente 121,Boné,83.87,2024-06-20
10897,Cliente 465,Camiseta,167.58,2024-04-11
10237,Cliente 201,Meia,56.36,2024-05-22
11125,Cliente 460,Tênis,196.85,2024-01-30
10790,Cliente 289,Camiseta,498.52,2024-04-30
11078,Cliente 113,Mochila,42.52,2024-06-02
10845,Cliente 59,Mochila,146.44,2024-04-24
10055,Cliente 93,Boné,183.97,2024-02-09
10979,Cliente 100,Camiseta,429.52,2024-04-13
10105,Cliente 83,Camiseta,475.22,2024-06-30
10163,Cliente 141,Tênis,291.31,2024-01-30
10800,Cliente 14,Jaqueta,346.45,2024-05-20
10636,Cliente 50,Mochila,45.38,2024-04-27
11153,Cliente 451,Jaqueta,118.63,2024-02-29
10744,Cliente 284,Boné,232.79,2024-01-12
11053,Cliente 75,Meia,75.11,2024-02-29
10758,Cliente 48,Jaqueta,245.04,2024-03-14
10518,Cliente 232,Tênis,263.29,2024-06-29
10673,Cliente 204,Jaqueta,352.72,2024-04-02
11014,Cliente 181,Boné,90.47,2024-03-31
10034,Cliente 386,Meia,497.21,2024-05-06
10555,Cliente 227,Tênis,300.07,2024-07-07
10543,Cliente 493,Tênis,215.28,2024-02-02
10902,Cliente 95,Meia,363.1,2024-07-13
10610,Cliente 447,Meia,222.76,2024-05-09
11096,Cliente 336,Camiseta,74.72,2024-02-16
10935,Cliente 330,Jaqueta,461.67,2024-03-15
10406,Cliente 332,Tênis,131.01,2024-07-20
11077,Cliente 236,Jaqueta,121.56,2024-03-19
10985,Cliente 270,Camiseta,151.01,2024-01-28
10446,Cliente 177,Mochila,44.47,2024-01-11
10479,Cliente 114,Boné,336.61,2024-07-23
11145,Cliente 358,Boné,295.6,2024-03-15
11074,Cliente 174,Camiseta,436.02,2024-07-20
11093,Cliente 93,Tênis,31.6,2024-04-03
10261,Cliente 469,Boné,201.47,2024-04-02
10294,Cliente 160,Boné,169.68,2024-07-27
10613,Cliente 389,Boné,398.71,2024-07-11
10911,Cliente 113,Tênis,177.55,2024-03-06
10646,Cliente 430,Boné,276.69,2024-01-23
10977,Cliente 99,Mochila,441.07,2024-04-24
10159,Cliente 377,Jaqueta,384.55,2024-07-16
10960,Cliente 457,Meia,369.97,2024-01-27
10333,Cliente 468,Meia,52.96,2024-03-19
10279,Cliente 371,Jaqueta,198.73,2024-05-26
10936,Cliente 21,Meia,146.78,2024-04-13
10533,Cliente 81,Meia,372.72,2024-02-29
11054,Cliente 98,Mochila,118.52,2024-03-01
10014,Cliente 83,Tênis,184.02,2024-03-02
10664,Cliente 464,Boné,271.5,2024-04-22
10392,Cliente 466,Mochila,54.96,2024-05-15
10422,Cliente 326,Boné,305.13,2024-04-24
11062,Cliente 313,Boné,48.79,2024-06-15
10525,Cliente 324,Boné,416.68,2024-02-07
11088,Cliente 270,Tênis,463.59,2024-02-28
11162,Cliente 174,Meia,415.21,2024-07-14
10236,Cliente 323,Meia,41.07,2024-04-21
10466,Cliente 72,Camiseta,465.21,2024-07-05
10291,Cliente 154,Camiseta,408.61,2024-01-07
10233,Cliente 165,Jaqueta,435.3,2024-03-13
10918,Cliente 326,Jaqueta,60.19,2024-04-17
10409,Cliente 355,Meia,202.9,2024-01-27
10975,Cliente 257,Jaqueta,286.9,2024-01-25
10319,Cliente 352,Meia,305.4,2024-03-22
11079,Cliente 204,Tênis,290.01,2024-05-13
10877,Cliente 470,Jaqueta,401.61,2024-02-12
10688,Cliente 201,Meia,261.36,2024-02-14
10697,Cliente 462,Mochila,51.03,2024-04-15
10689,Cliente 32,Tênis,58.71,2024-07-10
10059,Cliente 67,Boné,266.16,2024-04-28
10976,Cliente 143,Tênis,461.87,2024-05-17
10700,Cliente 489,Meia,48.67,2024-03-28
10461,Cliente 84,Mochila,286.15,2024-06-19
11097,Cliente 81,Camiseta,195.2,2024-03-20
10534,Cliente 88,Meia,405.31,2024-03-08
10628,Cliente 293,Boné,426.77,2024-02-28
11042,Cliente 468,Jaqueta,185.82,2024-07-15
10751,Cliente 185,Tênis,224.88,2024-06-01
11091,Cliente 308,Jaqueta,466.17,2024-06-26
10401,Cliente 125,Meia,139.28,2024-05-08
10889,Cliente 395,Mochila,144.98,2024-06-08
10371,Cliente 68,Jaqueta,413.29,2024-04-21
10399,Cliente 294,Tênis,86.04,2024-03-31
10656,Cliente 133,Camiseta,495.67,2024-01-13
10957,Cliente 361,Camiseta,37.54,2024-02-10
10803,Cliente 76,Mochila,144.64,2024-07-04
10037,Cliente 302,Meia,338.33,2024-07-14
10589,Cliente 174,Camiseta,212.2,2024-01-01
10835,Cliente 396,Meia,480.02,2024-06-12
10106,Cliente 127,Mochila,177.82,2024-03-07
10322,Cliente 316,Camiseta,479.68,2024-03-06
10351,Cliente 153,Meia,134.12,2024-07-08
10356,Cliente 205,Meia,189.04,2024-06-06
10251,Cliente 366,Meia,342.55,2024-04-04
11037,Cliente 409,Boné,30.29,2024-03-01
10390,Cliente 310,Mochila,419.6,2024-01-01
10443,Cliente 184,Jaqueta,41.67,2024-07-22
10894,Cliente 231,Mochila,81.95,2024-04-07
10215,Cliente 86,Meia,299.51,2024-05-09
10338,Cliente 382,Boné,368.4,2024-06-22
10056,Cliente 123,Tênis,266.08,2024-03-14
10632,Cliente 340,Jaqueta,397.8,2024-06-24
10181,Cliente 207,Tênis,170.49,2024-01-17
10053,Cliente 31,Tênis,449.96,2024-04-04
10500,Cliente 269,Boné,393.16,2024-07-13
11161,Cliente 151,Boné,360.84,2024-06-23
10346,Cliente 120,Mochila,277.78,2024-04-02
10231,Cliente 362,Boné,370.06,2024-01-24
10151,Cliente 413,Tênis,294.04,2024-05-19
10500,Cliente 269,Boné,393.16,2024-07-13
11060,Cliente 269,Meia,492.65,2024-01-09
10230,Cliente 254,Boné,165.29,2024-05-18
10524,Cliente 104,Boné,128.26,2024-03-05
10852,Cliente 282,Mochila,285.08,2024-05-01
10021,Cliente 188,Tênis,266.88,2024-01-21
10405,Cliente 112,Mochila,287.75,2024-04-19
10257,Cliente 402,Tênis,247.15,2024-07-26
10388,Cliente 211,Camiseta,350.92,2024-04-29
10525,Cliente 324,Boné,416.68,2024-02-07
10185,Cliente 152,Tênis,32.18,2024-06-27
10043,Cliente 363,Meia,75.91,2024-05-01
10473,Cliente 154,Tênis,187.05,2024-01-29
11085,Cliente 163,Boné,102.42,2024-04-21
10142,Cliente 171,Boné,275.23,2024-04-05
10863,Cliente 65,Tênis,337.24,2024-06-15
11108,Cliente 94,Jaqueta,411.48,2024-01-06
10818,Cliente 187,Meia,127.49,2024-06-02
10905,Cliente 93,Jaqueta,183.2,2024-02-01
10729,Cliente 220,Mochila,235.87,2024-06-04
10893,Cliente 291,Boné,307.19,2024-05-12
10329,Cliente 477,Mochila,125.03,2024-06-15
10512,Cliente 376,Camiseta,228.47,2024-02-08
11015,Cliente 98,Camiseta,353.68,2024-03-06
10914,Cliente 487,Camiseta,433.95,2024-01-13
10579,Cliente 186,Meia,441.5,2024-06-04
10838,Cliente 94,Tênis,394.94,2024-07-20
10683,Cliente 72,Tênis,324.48,2024-03-31
10888,Cliente 188,Camiseta,309.13,2024-04-17
10746,Cliente 231,Mochila,245.11,2024-06-03
10879,Cliente 253,Jaqueta,175.39,2024-06-29
11133,Cliente 360,Tênis,192.3,2024-05-02
10949,Cliente 455,Camiseta,144.8,2024-02-28
11106,Cliente 468,Jaqueta,185.28,2024-04-08
10993,Cliente 313,Tênis,185.69,2024-02-27
10733,Cliente 190,Mochila,139.2,2024-07-13
11119,Cliente 139,Boné,273.5,2024-01-02
10643,Cliente 39,Camiseta,438.65,2024-01-31
11095,Cliente 87,Mochila,81.36,2024-02-25
10283,Cliente 273,Tênis,150.98,2024-07-16
10645,Cliente 326,Boné,346.75,2024-02-12
10417,Cliente 122,Mochila,321.37,2024-07-11
11173,Cliente 314,Camiseta,325.28,2024-06-25
10642,Cliente 88,Mochila,404.73,2024-05-14
10785,Cliente 423,Camiseta,322.74,2024-06-05
10114,Cliente 161,Meia,61.46,2024-03-07
11043,Cliente 435,Jaqueta,62.91,2024-05-13
10289,Cliente 373,Camiseta,383.84,2024-05-14
10835,Cliente 396,Meia,480.02,2024-06-12
11126,Cliente 211,Meia,181.28,2024-03-18
10271,Cliente 383,Tênis,52.11,2024-07-04
10759,Cliente 153,Tênis,39.42,2024-03-18
10313,Cliente 423,Mochila,62.15,2024-06-02
10736,Cliente 466,Meia,206.84,2024-07-03
10284,Cliente 350,Boné,118.96,2024-06-21
10129,Cliente 408,Jaqueta,203.27,2024-07-01
10395,Cliente 316,Jaqueta,280.14,2024-01-07
11136,Cliente 26,Boné,252.01,2024-03-27
10326,Cliente 122,Camiseta,385.28,2024-04-02
10988,Cliente 487,Tênis,121.75,2024-02-13
10722,Cliente 433,Jaqueta,332.19,2024-03-20
10954,Cliente 417,Jaqueta,115.41,2024-04-20
10959,Cliente 35,Boné,413.31,2024-04-20
11155,Cliente 228,Mochila,477.12,2024-02-17
10040,Cliente 61,Boné,405.53,2024-06-27
10306,Cliente 437,Mochila,467.69,2024-04-04
11081,Cliente 310,Boné,334.4,2024-04-18
10373,Cliente 118,Jaqueta,392.98,2024-03-18
10716,Cliente 161,Boné,375.99,2024-03-29
10883,Cliente 290,Mochila,337.8,2024-05-01
10495,Cliente 33,Tênis,342.94,2024-01-09
10272,Cliente 70,Mochila,388.16,2024-03-17
10008,Cliente 423,Tênis,45.32,2024-07-15
11008,Cliente 241,Tênis,186.12,2024-01-29
10978,Cliente 482,Tênis,460.45,2024-05-16
10652,Cliente 28,Tênis,473.96,2024-03-28
11007,Cliente 382,Mochila,106.12,2024-06-25
10397,Cliente 469,Jaqueta,247.32,2024-06-04
10414,Cliente 212,Jaqueta,454.07,2024-07-11
10908,Cliente 473,Meia,378.8,2024-03-09
10809,Cliente 226,Jaqueta,105.59,2024-07-20
10980,Cliente 48,Boné,483.25,2024-06-12
10504,Cliente 47,Camiseta,434.52,2024-04-18
10724,Cliente 295,Camiseta,157.02,2024-04-30
10532,Cliente 88,Boné,444.26,2024-04-03
11028,Cliente 306,Tênis,111.22,2024-05-11
10984,Cliente 354,Tênis,213.33,2024-02-27
11092,Cliente 161,Jaqueta,225.75,2024-03-23
10734,Cliente 463,Boné,60.08,2024-06-15
10491,Cliente 171,Tênis,44.74,2024-02-01
10079,Cliente 164,Tênis,368.79,2024-01-29
10508,Cliente 369,Mochila,480.91,2024-04-15
10342,Cliente 240,Tênis,282.53,2024-07-14
11156,Cliente 319,Tênis,95.78,2024-01-09
10049,Cliente 309,Boné,214.49,2024-05-25
10250,Cliente 328,Camiseta,446.48,2024-07-25
11041,Cliente 332,Meia,117.39,2024-06-17
10020,Cliente 426,Jaqueta,466.31,2024-01-22
10569,Cliente 192,Mochila,102.04,2024-02-18
10679,Cliente 52,Jaqueta,377.62,2024-02-19
10135,Cliente 414,Boné,212.33,2024-06-01
10536,Cliente 411,Boné,427.68,2024-03-22
10567,Cliente 373,Mochila,406.17,2024-01-13
10653,Cliente 263,Mochila,239.17,2024-04-09
10696,Cliente 403,Camiseta,107.8,2024-01-18
11063,Cliente 398,Boné,437.39,2024-04-01
10481,Cliente 44,Mochila,168.73,2024-02-03
10033,Cliente 16,Camiseta,74.24,2024-04-25
10969,Cliente 86,Mochila,339.78,2024-01-02
10382,Cliente 499,Tênis,275.31,2024-03-23
10025,Cliente 370,Boné,389.34,2024-03-09
10047,Cliente 89,Meia,240.56,2024-04-11
11067,Cliente 431,Camiseta,470.3,2024-06-30
10174,Cliente 316,Tênis,389.08,2024-06-04
10029,Cliente 417,Tênis,390.33,2024-06-16
10571,Cliente 186,Mochila,164.0,2024-04-08
10153,Cliente 106,Camiseta,383.11,2024-04-18
10989,Cliente 309,Meia,480.81,2024-01-17
10953,Cliente 3,Meia,222.46,2024-03-15
11048,Cliente 25,Tênis,483.15,2024-05-10
10161,Cliente 276,Meia,438.36,2024-04-19
10244,Cliente 63,Tênis,265.21,2024-06-21
10510,Cliente 129,Meia,467.86,2024-07-08
10158,Cliente 319,Camiseta,317.75,2024-04-25
10530,Cliente 43,Camiseta,435.48,2024-03-05
10837,Cliente 425,Meia,102.08,2024-06-28
10501,Cliente 227,Camiseta,157.33,2024-04-17
10432,Cliente 364,Jaqueta,206.28,2024-03-20
10284,Cliente 350,Boné,118.96,2024-06-21
11128,Cliente 34,Tênis,294.49,2024-02-12
10332,Cliente 421,Camiseta,298.54,2024-03-26
10973,Cliente 395,Boné,126.37,2024-01-22
10779,Cliente 53,Mochila,320.2,2024-05-04
10366,Cliente 4,Boné,473.65,2024-05-03
11157,Cliente 97,Tênis,480.95,2024-05-01
10054,Cliente 225,Boné,230.11,2024-03-18
10584,Cliente 209,Meia,45.01,2024-04-02
10766,Cliente 108,Meia,30.37,2024-01-09
10680,Cliente 410,Boné,494.47,2024-03-22
10955,Cliente 468,Boné,373.76,2024-05-24
11156,Cliente 319,Tênis,95.78,2024-01-09
10822,Cliente 135,Camiseta,251.64,2024-07-15
10024,Cliente 367,Meia,393.65,2024-03-06
10298,Cliente 200,Boné,487.96,2024-07-15
10556,Cliente 96,Boné,249.52,2024-06-17
10575,Cliente 265,Camiseta,149.81,2024-04-09
10018,Cliente 80,Tênis,385.53,2024-06-03
10572,Cliente 355,Camiseta,377.31,2024-01-19
10254,Cliente 10,Boné,226.63,2024-01-16
10225,Cliente 447,Tênis,296.74,2024-02-29
10599,Cliente 225,Meia,147.25,2024-02-21
10928,Cliente 18,Camiseta,464.31,2024-07-20
10419,Cliente 148,Boné,354.43,2024-06-27
10903,Cliente 246,Meia,475.53,2024-02-19
11065,Cliente 254,Mochila,31.95,2024-03-15
10222,Cliente 369,Camiseta,354.09,2024-01-13
10997,Cliente 150,Boné,171.74,2024-04-05
10424,Cliente 496,Meia,207.22,2024-06-09
10218,Cliente 473,Camiseta,206.97,2024-05-10
10307,Cliente 481,Camiseta,88.11,2024-04-08
10846,Cliente 51,Meia,459.49,2024-07-15
11141,Cliente 247,Tênis,47.44,2024-01-31
10171,Cliente 217,Jaqueta,125.95,2024-05-16
10442,Cliente 26,Meia,355.5,2024-06-24
11148,Cliente 411,Boné,357.07,2024-07-11
10705,Cliente 145,Tênis,234.16,2024-02-16
10770,Cliente 378,Jaqueta,184.57,2024-01-20
10286,Cliente 476,Mochila,290.87,2024-05-25
10066,Cliente 265,Tênis,485.69,2024-03-12
10453,Cliente 468,Tênis,49.29,2024-05-11
10761,Cliente 250,Tênis,85.59,2024-05-07
10071,Cliente 148,Camiseta,277.34,2024-02-10
10937,Cliente 102,Tênis,446.58,2024-04-14
10412,Cliente 89,Boné,100.87,2024-07-22
10082,Cliente 245,Camiseta,413.37,2024-06-11
10156,Cliente 219,Meia,438.5,2024-05-23
11193,Cliente 113,Mochila,58.99,2024-01-23
10015,Cliente 41,Jaqueta,72.07,2024-04-11
10801,Cliente 168,Tênis,244.34,2024-06-20
10265,Cliente 456,Meia,92.78,2024-03-07
10535,Cliente 22,Tênis,342.25,2024-05-05
10874,Cliente 437,Jaqueta,287.88,2024-01-19
10451,Cliente 453,Tênis,313.75,2024-01-01
10943,Cliente 194,Tênis,320.05,2024-01-22
10870,Cliente 142,Mochila,314.84,2024-06-28
10404,Cliente 442,Tênis,136.45,2024-02-28
11150,Cliente 324,Mochila,254.13,2024-05-29
10490,Cliente 411,Meia,384.03,2024-03-13
11113,Cliente 266,Boné,348.17,2024-02-16
10541,Cliente 426,Jaqueta,242.75,2024-06-01
10693,Cliente 44,Jaqueta,184.43,2024-06-09
10739,Cliente 386,Boné,412.97,2024-07-13
10364,Cliente 84,Boné,120.62,2024-04-14
10629,Cliente 232,Boné,112.14,2024-06-01
10459,Cliente 357,Meia,382.87,2024-05-29
10104,Cliente 104,Meia,466.83,2024-05-20
10833,Cliente 39,Mochila,182.37,2024-05-31
10268,Cliente 65,Mochila,141.54,2024-02-09
10608,Cliente 106,Camiseta,409.4,2024-03-09
11155,Cliente 228,Mochila,477.12,2024-02-17
11020,Cliente 39,Tênis,50.09,2024-02-28
11085,Cliente 163,Boné,102.42,2024-04-21
10661,Cliente 400,Mochila,384.32,2024-02-25
10241,Cliente 232,Boné,230.23,2024-05-25
10430,Cliente 48,Boné,147.32,2024-01-24
10814,Cliente 166,Jaqueta,306.33,2024-06-27
10046,Cliente 133,Camiseta,49.86,2024-07-17
10203,Cliente 493,Camiseta,111.93,2024-05-31
10841,Cliente 481,Camiseta,273.3,2024-04-28
10595,Cliente 67,Meia,109.98,2024-06-11
10630,Cliente 98,Mochila,389.36,2024-04-04
10096,Cliente 241,Meia,78.85,2024-03-15
10467,Cliente 285,Boné,42.13,2024-06-02
10929,Cliente 103,Tênis,389.32,2024-03-25
10492,Cliente 84,Meia,97.65,2024-04-19
10166,Cliente 31,Tênis,334.65,2024-01-30
11182,Cliente 108,Boné,484.06,2024-01-29
10701,Cliente 163,Jaqueta,43.2,2024-05-21
10694,Cliente 288,Camiseta,373.48,2024-03-07
10009,Cliente 371,Tênis,161.2,2024-04-21
10604,Cliente 33,Jaqueta,495.61,2024-02-17
10878,Cliente 260,Tênis,416.18,2024-02-22
10315,Cliente 164,Meia,326.77,2024-01-20
10773,Cliente 263,Camiseta,41.29,2024-02-19
10361,Cliente 146,Mochila,202.97,2024-06-15
10138,Cliente 171,Meia,392.67,2024-01-03
10823,Cliente 336,Boné,181.04,2024-05-03
10276,Cliente 337,Tênis,63.68,2024-03-11
10384,Cliente 97,Mochila,129.42,2024-06-28
10568,Cliente 275,Tênis,431.12,2024-03-09
11110,Cliente 54,Meia,356.81,2024-05-21
10772,Cliente 129,Meia,134.16,2024-04-23
10088,Cliente 217,Camiseta,470.31,2024-01-25
10090,Cliente 66,Mochila,117.31,2024-01-09
10765,Cliente 431,Tênis,278.55,2024-05-24
10280,Cliente 102,Mochila,35.04,2024-06-07
10882,Cliente 345,Tênis,252.16,2024-03-06
10651,Cliente 122,Camiseta,63.95,2024-06-11
11121,Cliente 50,Mochila,107.1,2024-02-04
10460,Cliente 400,Camiseta,418.48,2024-05-04
11073,Cliente 64,Camiseta,371.6,2024-01-09
10799,Cliente 42,Camiseta,280.59,2024-02-20
10300,Cliente 343,Mochila,282.5,2024-07-08
10920,Cliente 435,Boné,138.05,2024-03-11
10202,Cliente 21,Meia,165.01,2024-04-16
10402,Cliente 136,Tênis,423.12,2024-05-23
10340,Cliente 381,Jaqueta,401.31,2024-07-09
10365,Cliente 183,Meia,205.39,2024-03-02
10023,Cliente 262,Boné,177.75,2024-06-15
10345,Cliente 350,Mochila,158.28,2024-02-29
10676,Cliente 426,Camiseta,211.04,2024-06-07
10141,Cliente 465,Jaqueta,484.02,2024-04-20
10334,Cliente 489,Camiseta,219.91,2024-04-26
10310,Cliente 222,Mochila,75.46,2024-01-02
11186,Cliente 66,Boné,42.35,2024-01-31
10640,Cliente 211,Camiseta,67.87,2024-05-21
10353,Cliente 231,Jaqueta,418.8,2024-04-24
10735,Cliente 401,Boné,390.63,2024-06-13
11009,Cliente 228,Boné,185.59,2024-07-03
10240,Cliente 204,Camiseta,287.59,2024-07-03
10666,Cliente 50,Tênis,93.45,2024-02-28
10318,Cliente 272,Camiseta,367.52,2024-05-10
11070,Cliente 432,Camiseta,111.58,2024-05-17
10262,Cliente 430,Tênis,100.37,2024-01-02
10098,Cliente 476,Mochila,243.92,2024-04-27
10167,Cliente 199,Meia,227.4,2024-03-24
10496,Cliente 430,Camiseta,194.97,2024-06-16
10725,Cliente 289,Tênis,204.6,2024-07-04
10275,Cliente 141,Tênis,381.49,2024-02-01
10089,Cliente 181,Jaqueta,450.42,2024-07-06
10714,Cliente 64,Tênis,133.3,2024-02-20
10515,Cliente 269,Mochila,165.52,2024-03-08
11040,Cliente 258,Camiseta,88.08,2024-03-09
10331,Cliente 158,Meia,256.15,2024-04-08
10219,Cliente 357,Boné,418.48,2024-01-14
10433,Cliente 60,Camiseta,485.77,2024-06-16
10140,Cliente 26,Mochila,306.03,2024-07-11
11061,Cliente 330,Camiseta,348.57,2024-06-08
10486,Cliente 18,Tênis,476.71,2024-06-30
10658,Cliente 305,Jaqueta,405.67,2024-06-21
10972,Cliente 156,Camiseta,178.55,2024-02-02
10531,Cliente 169,Tênis,166.69,2024-07-05
10840,Cliente 297,Camiseta,459.19,2024-02-22
11076,Cliente 46,Camiseta,165.41,2024-04-16
10260,Cliente 389,Boné,147.8,2024-03-08
10810,Cliente 3,Jaqueta,346.75,2024-07-27
10305,Cliente 350,Tênis,61.57,2024-02-24
10876,Cliente 12,Meia,316.79,2024-05-30
10907,Cliente 256,Boné,214.73,2024-04-10
10702,Cliente 249,Boné,292.48,2024-07-03
10771,Cliente 266,Mochila,287.65,2024-06-14
11177,Cliente 23,Jaqueta,195.69,2024-06-04
10196,Cliente 89,Mochila,452.02,2024-06-19
10140,Cliente 26,Mochila,306.03,2024-07-11
10594,Cliente 136,Meia,137.98,2024-07-15
10122,Cliente 266,Tênis,441.75,2024-01-29
10494,Cliente 74,Tênis,139.2,2024-03-02
10821,Cliente 30,Camiseta,343.31,2024-06-19
10110,Cliente 60,Boné,119.22,2024-05-02
10084,Cliente 265,Boné,270.65,2024-03-23
11009,Cliente 228,Boné,185.59,2024-07-03
10513,Cliente 101,Meia,293.28,2024-03-02
10691,Cliente 234,Mochila,85.84,2024-04-23
10482,Cliente 218,Camiseta,459.16,2024-01-25
11168,Cliente 480,Jaqueta,45.7,2024-05-19
10369,Cliente 227,Meia,79.6,2024-07-19
10611,Cliente 386,Jaqueta,108.83,2024-01-04
10793,Cliente 308,Tênis,484.82,2024-04-23
10074,Cliente 470,Meia,304.46,2024-04-15
10547,Cliente 459,Jaqueta,425.03,2024-05-11
11064,Cliente 101,Jaqueta,201.3,2024-02-29
10926,Cliente 216,Mochila,328.6,2024-07-16
10273,Cliente 140,Tênis,493.88,2024-01-22
10791,Cliente 489,Camiseta,208.09,2024-07-26
10396,Cliente 35,Boné,331.79,2024-04-29
10154,Cliente 461,Mochila,268.51,2024-02-12
11146,Cliente 31,Tênis,50.1,2024-05-30
10191,Cliente 307,Tênis,234.88,2024-04-14
10797,Cliente 456,Mochila,360.97,2024-05-18
10305,Cliente 350,Tênis,61.57,2024-02-24
10187,Cliente 329,Boné,475.87,2024-04-20
10050,Cliente 90,Boné,229.7,2024-01-06
10038,Cliente 470,Camiseta,45.96,2024-03-26
10961,Cliente 435,Meia,438.37,2024-07-13
10418,Cliente 250,Mochila,330.33,2024-05-07
11171,Cliente 299,Meia,119.54,2024-05-29
10208,Cliente 375,Jaqueta,61.38,2024-01-29
10375,Cliente 350,Boné,81.99,2024-04-30
10463,Cliente 111,Meia,357.36,2024-02-18
10470,Cliente 48,Camiseta,121.38,2024-07-05
10517,Cliente 357,Jaqueta,68.64,2024-06-14
10075,Cliente 38,Tênis,153.72,2024-04-04
10910,Cliente 203,Mochila,298.14,2024-01-19
10248,Cliente 334,Jaqueta,54.22,2024-04-27
10559,Cliente 237,Jaqueta,217.26,2024-01-24
10302,Cliente 12,Tênis,80.32,2024-01-05
10582,Cliente 130,Mochila,107.86,2024-07-18
10899,Cliente 224,Meia,388.07,2024-02-29
11072,Cliente 474,Tênis,67.76,2024-05-07
10335,Cliente 11,Meia,303.9,2024-05-24
10737,Cliente 365,Meia,208.61,2024-03-19
10798,Cliente 281,Meia,100.02,2024-03-10
10011,Cliente 201,Tênis,207.85,2024-06-14
11045,Cliente 21,Camiseta,460.43,2024-05-08
10473,Cliente 154,Tênis,187.05,2024-01-29
10485,Cliente 50,Jaqueta,472.88,2024-04-06
10462,Cliente 246,Boné,321.26,2024-02-02
10538,Cliente 199,Meia,227.38,2024-06-21
10627,Cliente 237,Jaqueta,73.66,2024-02-21
10281,Cliente 480,Boné,309.64,2024-02-25
10253,Cliente 153,Camiseta,153.66,2024-06-05
10983,Cliente 64,Boné,69.17,2024-01-04
10707,Cliente 478,Mochila,165.17,2024-07-10
10471,Cliente 163,Mochila,31.73,2024-04-03
10223,Cliente 197,Boné,437.97,2024-01-14
10672,Cliente 310,Tênis,355.09,2024-02-07
10966,Cliente 223,Camiseta,155.53,2024-02-16
10097,Cliente 417,Jaqueta,499.79,2024-04-28
10994,Cliente 64,Boné,333.72,2024-01-05
10580,Cliente 243,Mochila,493.76,2024-07-04
10077,Cliente 2,Boné,84.04,2024-06-23
10547,Cliente 459,Jaqueta,425.03,2024-05-11
10186,Cliente 330,Camiseta,372.76,2024-01-15
10748,Cliente 329,Jaqueta,276.78,2024-02-05
10826,Cliente 387,Boné,35.16,2024-05-14
10125,Cliente 420,Jaqueta,203.02,2024-01-01
10757,Cliente 266,Camiseta,321.99,2024-05-04
10576,Cliente 25,Tênis,270.14,2024-07-28
10621,Cliente 420,Camiseta,157.76,2024-06-25
10767,Cliente 390,Camiseta,105.98,2024-02-19
11135,Cliente 305,Meia,443.23,2024-05-14
11030,Cliente 18,Camiseta,59.82,2024-04-23
11127,Cliente 486,Tênis,452.08,2024-06-26
10802,Cliente 371,Meia,102.74,2024-04-02
10844,Cliente 187,Mochila,35.45,2024-06-07
11051,Cliente 466,Tênis,312.28,2024-04-28
10703,Cliente 265,Jaqueta,162.69,2024-04-22
11071,Cliente 312,Jaqueta,57.02,2024-01-15
10259,Cliente 82,Tênis,173.48,2024-04-03
10282,Cliente 271,Jaqueta,495.78,2024-03-09
10634,Cliente 107,Mochila,117.63,2024-05-20
10474,Cliente 267,Camiseta,107.92,2024-03-10
10455,Cliente 197,Camiseta,337.75,2024-03-03
10320,Cliente 245,Camiseta,181.46,2024-03-04
10434,Cliente 488,Boné,111.18,2024-04-16
10598,Cliente 158,Jaqueta,146.11,2024-01-31
10299,Cliente 220,Jaqueta,225.85,2024-02-11
10436,Cliente 159,Mochila,168.06,2024-03-31
11137,Cliente 299,Tênis,486.44,2024-02-13
10438,Cliente 231,Mochila,264.56,2024-01-23
10325,Cliente 404,Boné,235.35,2024-06-20
10403,Cliente 238,Boné,98.44,2024-04-07
10564,Cliente 367,Tênis,414.28,2024-03-02
10292,Cliente 313,Meia,146.12,2024-01-08
10278,Cliente 455,Camiseta,385.26,2024-05-22
10655,Cliente 171,Camiseta,425.23,2024-03-04
11083,Cliente 424,Jaqueta,290.75,2024-01-16
10732,Cliente 316,Mochila,306.18,2024-03-13
10553,Cliente 477,Tênis,450.63,2024-03-24
10094,Cliente 476,Boné,237.95,2024-04-14
11178,Cliente 368,Tênis,368.52,2024-03-06
10245,Cliente 413,Jaqueta,494.77,2024-06-01
10945,Cliente 156,Meia,131.22,2024-05-18
10775,Cliente 485,Jaqueta,80.8,2024-07-27
10426,Cliente 499,Meia,269.48,2024-04-19
10149,Cliente 319,Tênis,245.34,2024-04-11
10226,Cliente 281,Tênis,62.4,2024-06-29
10865,Cliente 440,Jaqueta,366.48,2024-05-15
10967,Cliente 494,Jaqueta,134.22,2024-05-24
10900,Cliente 70,Meia,358.05,2024-02-28
10699,Cliente 400,Mochila,355.85,2024-07-05
10601,Cliente 320,Mochila,434.36,2024-05-08
11058,Cliente 456,Jaqueta,345.73,2024-05-23
10217,Cliente 181,Camiseta,302.71,2024-04-01
10817,Cliente 494,Boné,309.22,2024-03-21
10220,Cliente 183,Boné,95.03,2024-06-14
10213,Cliente 375,Mochila,128.11,2024-04-09
11159,Cliente 385,Jaqueta,331.48,2024-01-19
10907,Cliente 256,Boné,214.73,2024-04-10
10394,Cliente 490,Mochila,470.32,2024-05-30
10367,Cliente 20,Jaqueta,267.32,2024-07-27
10924,Cliente 215,Mochila,32.24,2024-05-12
10012,Cliente 271,Tênis,210.93,2024-05-09
11152,Cliente 391,Camiseta,137.1,2024-04-07
10234,Cliente 210,Mochila,422.6,2024-02-02
10695,Cliente 457,Jaqueta,116.29,2024-07-02
11084,Cliente 189,Tênis,74.13,2024-02-29
11170,Cliente 186,Meia,74.19,2024-04-18
11105,Cliente 357,Jaqueta,161.78,2024-01-04
10063,Cliente 373,Tênis,224.2,2024-07-08
10734,Cliente 463,Boné,60.08,2024-06-15
11023,Cliente 362,Meia,426.14,2024-06-17
10964,Cliente 199,Mochila,317.05,2024-05-26
10607,Cliente 5,Boné,270.68,2024-03-24
10013,Cliente 260,Mochila,189.23,2024-04-01
10839,Cliente 465,Meia,99.44,2024-05-07
10435,Cliente 160,Meia,180.14,2024-07-27
10017,Cliente 227,Meia,124.89,2024-02-10
10764,Cliente 195,Jaqueta,218.51,2024-03-21
10348,Cliente 322,Jaqueta,349.05,2024-05-28
10207,Cliente 373,Jaqueta,45.22,2024-07-28
10341,Cliente 53,Tênis,323.54,2024-02-06
10344,Cliente 228,Meia,77.46,2024-04-28
11118,Cliente 218,Jaqueta,82.6,2024-04-28
11146,Cliente 31,Tênis,50.1,2024-05-30
10551,Cliente 476,Meia,260.96,2024-05-03
10598,Cliente 158,Jaqueta,146.11,2024-01-31
10032,Cliente 380,Boné,466.64,2024-06-17
10372,Cliente 419,Camiseta,210.07,2024-05-08
10657,Cliente 464,Jaqueta,105.94,2024-04-29
10172,Cliente 77,Meia,73.88,2024-01-06
11086,Cliente 385,Camiseta,467.84,2024-03-30
10408,Cliente 56,Jaqueta,294.66,2024-05-28
11050,Cliente 77,Jaqueta,365.91,2024-03-27
11190,Cliente 313,Camiseta,499.62,2024-05-28
10200,Cliente 423,Jaqueta,114.83,2024-02-22
10860,Cliente 185,Mochila,467.28,2024-06-01
11164,Cliente 331,Mochila,280.58,2024-02-23
11147,Cliente 400,Meia,67.18,2024-04-19
11174,Cliente 406,Tênis,227.8,2024-07-13
10489,Cliente 373,Jaqueta,244.57,2024-02-29
11172,Cliente 213,Boné,330.1,2024-04-19
10212,Cliente 266,Jaqueta,493.33,2024-01-12
10133,Cliente 419,Tênis,152.99,2024-03-17
10060,Cliente 425,Boné,101.25,2024-07-04
10690,Cliente 162,Mochila,309.95,2024-03-05
10026,Cliente 148,Meia,426.71,2024-01-03
10100,Cliente 82,Boné,256.62,2024-04-10
10974,Cliente 95,Meia,243.1,2024-04-28
10776,Cliente 463,Camiseta,89.52,2024-03-29
10788,Cliente 462,Mochila,467.58,2024-02-21
10520,Cliente 184,Boné,326.07,2024-04-11
10363,Cliente 285,Tênis,97.11,2024-05-09
10309,Cliente 181,Jaqueta,389.6,2024-03-14
10795,Cliente 467,Jaqueta,463.65,2024-01-17
10828,Cliente 248,Tênis,134.47,2024-04-18
10544,Cliente 327,Jaqueta,295.67,2024-01-16
10939,Cliente 273,Mochila,334.67,2024-05-09
10441,Cliente 105,Meia,163.95,2024-03-20
10647,Cliente 90,Meia,336.71,2024-06-07
11003,Cliente 108,Tênis,104.86,2024-02-23
10476,Cliente 34,Jaqueta,219.01,2024-04-08
11046,Cliente 118,Jaqueta,176.59,2024-04-09
10062,Cliente 437,Meia,295.82,2024-03-02
10483,Cliente 425,Camiseta,71.61,2024-02-21
11026,Cliente 465,Jaqueta,206.87,2024-06-10
10052,Cliente 207,Tênis,156.96,2024-02-20
10242,Cliente 220,Mochila,403.8,2024-07-13
10035,Cliente 22,Mochila,391.84,2024-02-12
10738,Cliente 196,Meia,232.62,2024-03-08
10120,Cliente 200,Meia,476.33,2024-05-15
10939,Cliente 273,Mochila,334.67,2024-05-09
11019,Cliente 362,Boné,76.11,2024-01-17
10044,Cliente 51,Mochila,159.58,2024-02-16
10836,Cliente 427,Mochila,441.29,2024-06-16
10076,Cliente 444,Jaqueta,466.81,2024-05-21
10368,Cliente 168,Camiseta,140.27,2024-01-01
10906,Cliente 49,Mochila,140.2,2024-07-26
10267,Cliente 86,Jaqueta,428.3,2024-06-08
10728,Cliente 204,Camiseta,233.41,2024-05-08
10444,Cliente 336,Tênis,153.22,2024-04-11
10503,Cliente 22,Jaqueta,122.72,2024-03-30
11057,Cliente 182,Jaqueta,493.6,2024-05-29
11033,Cliente 430,Mochila,375.39,2024-04-25
10285,Cliente 384,Jaqueta,88.15,2024-01-08
10295,Cliente 359,Meia,184.9,2024-05-13
10625,Cliente 170,Boné,362.05,2024-04-16
10277,Cliente 457,Camiseta,308.2,2024-01-05
11191,Cliente 57,Mochila,367.68,2024-02-19
10484,Cliente 387,Tênis,221.12,2024-06-27
10182,Cliente 363,Boné,48.48,2024-05-25
10970,Cliente 484,Tênis,396.93,2024-01-05
11087,Cliente 62,Camiseta,387.81,2024-04-16
10684,Cliente 498,Meia,195.95,2024-06-29
10751,Cliente 185,Tênis,224.88,2024-06-01
10036,Cliente 104,Meia,73.74,2024-06-26
11180,Cliente 230,Camiseta,260.94,2024-03-25
10002,Cliente 152,Mochila,465.9,2024-05-05
10754,Cliente 173,Jaqueta,291.66,2024-02-08
10508,Cliente 369,Mochila,480.91,2024-04-15
10497,Cliente 134,Camiseta,446.62,2024-07-16
10308,Cliente 305,Jaqueta,122.95,2024-06-14
10141,Cliente 465,Jaqueta,484.02,2024-04-20
10864,Cliente 60,Mochila,363.6,2024-04-02
10183,Cliente 360,Jaqueta,372.29,2024-04-10
10334,Cliente 489,Camiseta,219.91,2024-04-26
11010,Cliente 228,Tênis,243.36,2024-04-28
10912,Cliente 404,Jaqueta,96.31,2024-02-22
10848,Cliente 405,Tênis,485.7,2024-07-09
10511,Cliente 164,Mochila,298.37,2024-07-05
10731,Cliente 400,Mochila,128.33,2024-01-08
10996,Cliente 398,Tênis,470.62,2024-02-03
10887,Cliente 57,Jaqueta,419.63,2024-06-05
10117,Cliente 36,Jaqueta,189.24,2024-05-03
11025,Cliente 97,Boné,395.05,2024-05-12
10113,Cliente 1,Mochila,361.38,2024-01-27
10545,Cliente 90,Meia,79.69,2024-01-10
10165,Cliente 439,Tênis,434.26,2024-07-03
10184,Cliente 231,Mochila,50.19,2024-05-16
10274,Cliente 142,Camiseta,50.99,2024-07-03
11001,Cliente 482,Mochila,242.01,2024-05-09
10704,Cliente 247,Tênis,310.36,2024-01-13
11024,Cliente 223,Camiseta,56.6,2024-06-25
10383,Cliente 143,Camiseta,289.46,2024-03-28
10561,Cliente 473,Tênis,303.44,2024-06-05
10862,Cliente 209,Boné,415.08,2024-06-16
11044,Cliente 488,Tênis,56.65,2024-05-11
10176,Cliente 197,Jaqueta,167.29,2024-07-13
10379,Cliente 58,Boné,53.84,2024-06-06
10807,Cliente 102,Mochila,499.61,2024-02-08
11016,Cliente 196,Boné,473.56,2024-03-22
10519,Cliente 155,Mochila,447.15,2024-01-04
10830,Cliente 268,Mochila,109.16,2024-06-27
10507,Cliente 273,Camiseta,442.31,2024-05-06
11176,Cliente 253,Jaqueta,233.59,2024-05-10
10413,Cliente 78,Tênis,459.21,2024-04-03
10622,Cliente 467,Boné,246.12,2024-03-08
10872,Cliente 152,Mochila,143.31,2024-04-17
10858,Cliente 213,Camiseta,335.78,2024-02-23
10641,Cliente 261,Camiseta,444.48,2024-07-11
10258,Cliente 99,Tênis,183.54,2024-03-10
10834,Cliente 481,Mochila,405.12,2024-06-21
10662,Cliente 444,Tênis,196.62,2024-06-17
10337,Cliente 498,Tênis,338.85,2024-06-18
10398,Cliente 69,Meia,227.19,2024-04-14
10605,Cliente 181,Boné,35.61,2024-03-15
10480,Cliente 1,Jaqueta,88.37,2024-07-28
11143,Cliente 142,Boné,77.57,2024-06-20
10917,Cliente 291,Boné,401.16,2024-06-24
11017,Cliente 57,Tênis,230.49,2024-07-27
10875,Cliente 33,Meia,105.26,2024-01-24
10659,Cliente 209,Tênis,446.99,2024-01-16
11021,Cliente 284,Boné,368.94,2024-01-31
10789,Cliente 460,Jaqueta,100.04,2024-03-29
10256,Cliente 163,Camiseta,274.98,2024-04-28
10968,Cliente 32,Meia,83.44,2024-03-09
10952,Cliente 30,Meia,239.53,2024-02-17
